9129,1,D,,"Includes analysis of Higgins, Jumbo, and Roanoke varieties."
9130,1,D,,Includes purple and white grape juice
9135,1,D,,Includes purple and white grape juice
9139,1,D,,Pink fleshed
9144,1,D,,Values based on analysis of cultivars grown in Florida.
9144,2,N,417,Folate value based on the analysis of 5-methyltetrahydrofolate
9152,1,N,417,Mean value contains data based on the analysis of 5-methyltetrahydrofolate plus total folate determined microbiologically
9176,1,D,,"Values based on analyses of Tommy Atkins, Keitt, Kent, and/or Haden cultivars."
9176,2,N,417,Mean value contains data based on the analysis of 5-methyltetrahydrofolate plus total folate determined microbiologically.
9178,1,N,307,Some brands contain sodium metabisulfite.
9205,1,N,208,"The Atwater factors for fruit were used to calculate energy; however, the digestibility of peel is unknown."
9207,1,D,,Includes juice box
9210,1,N,305,"Phosphorus content varies among brands depending upon the calcium compound used (calcium phosphate, calcium citrate, etc.)."
9211,1,N,305,"Phosphorus content varies among brands depending upon the calcium compound used (calcium phosphate, calcium citrate, etc.)."
9216,1,N,208,"The Atwater factors for fruit were used to calculate energy; however, the digestibility of peel is unknown."
9226,1,N,417,Mean value contains data based on the analysis of 5-methyltetrahydrofolate plus total folate determined microbiologically
9226,2,N,337,Based on red-fleshed papaya; yellow-orange-fleshed papayas have 0 mcg lycopene/100 g.
9226,3,M,,"Large variability in weight of whole fruit, especially between different cultivars."
9266,1,D,,"Values based on data weighted 80% extra sweet variety, 20% traditional varieties."
9286,1,D,,Based on samples of California Wonderful variety.
9287,1,N,318,Green variety
9295,1,D,,Vitamin A and carotenoid values are based on white variety.
9297,1,N,291,Total dietary fiber determined by AOAC 2009.01 (McCleary Method)
9298,1,N,291,Total dietary fiber determined by AOAC 2009.01 (McCleary Method)
9314,1,N,417,Mean value contains data based on the analysis of 5-methyltetrahydrofolate plus total folate determined microbiologically.
9314,2,M,,Large variability in weight of whole fruit (340 - 2720 g reported by U Florida).
9316,1,N,432,Value based on the analysis of 5-methyltetrahydrofolate
9334,1,N,417,"Mean value contains data based on the analysis of 5-methyltetrahydrofolate, 10-Formyl folic acid, and 5-Formyltetrahydrofolic acid plus total folate determined microbiologically"
9429,1,D,,Values based on Champaka and Smoothe Cayenne varieties.
9430,1,D,,Values based on data for MD2 variety.
9443,1,N,401,Various brands and package sizes may have different vitamin C levels due to different fortification practices.
9446,1,D,,Fatty acid values reflect plantains fried in corn oil.
9449,1,N,417,"Mean value contains data based on the analysis of 5-methyltetrahydrofolate, 10-Formyl folic acid, and 5-Formyltetrahydrofolic acid."
9450,1,N,417,"Mean value contains data based on the analysis of 5-methyltetrahydrofolate, 10-Formyl folic acid, and 5-Formyltetrahydrofolic acid."
9512,1,D,,Includes purple and white grape juice
11054,1,N,417,"Value based on the analysis of 5-methyltetrahydrofolate, 10-Formyl folic acid, and 5-Formyltetrahydrofolic acid"
11054,1,N,432,"Value based on the analysis of 5-methyltetrahydrofolate, 10-Formyl folic acid, and 5-Formyltetrahydrofolic acid"
11054,1,N,435,"Value based on the analysis of 5-methyltetrahydrofolate, 10-Formyl folic acid, and 5-Formyltetrahydrofolic acid"
11056,1,N,417,"Value based on the analysis of 5-methyltetrahydrofolate, 10-Formyl folic acid, 5-Formyltetrahydrofolic acid"
11056,1,N,435,"Value based on the analysis of 5-methyltetrahydrofolate, 10-Formyl folic acid, 5-Formyltetrahydrofolic acid"
2009,1,D,,"Mix of chili pepper, other spices and salt"
2030,1,N,204,Total proximates do not equal 100% because piperine was subtracted from lipid value.
2032,1,N,204,Total proximates do not equal 100% because piperine was subtracted from lipid value.
2033,1,D,,"Other phytosterols = 38.4 mg/100g; these include delta 5-avenasterol (17.7), campestanol (2.6), and other minor phytosterols (18.1 mg)."
2034,1,N,204,Total proximates do not equal 100% because piperine was subtracted from lipid value.
2048,1,D,,Contains 5% acetic acid.  Total proximates do not equal 100%.
2048,2,N,208,Acetic acid is included in energy calculation.
2053,1,D,,Contains 5% acetic acid.  Total proximates do not equal 100%.
2053,2,N,208,Acetic acid is included in energy calculation.
2063,1,D,,Leaf
2064,1,D,,Leaf
2065,1,D,,Leaf
2066,1,D,,Leaf
2068,1,D,,Contains 5% acetic acid.  Total proximates do not equal 100%.
2068,2,N,208,Acetic acid is included in energy calculation.
2069,1,D,,Contains 6% acetic acid.  Total proximates do not equal 100%.
2069,2,N,208,Acetic acid is included in energy calculation.
3044,1,N,318,Vitamin A values range widely due to differences in cultivar and proportion of carrots.
3044,2,N,320,Vitamin A values range widely due to differences in cultivar and proportion of carrots.
3050,1,N,318,Vitamin A values range widely due to differences in cultivar and proportion of carrots.
3050,2,N,320,Vitamin A values range widely due to differences in cultivar and proportion of carrots.
3053,1,N,318,Vitamin A values range widely due to differences in cultivar and proportion of carrots.
3053,2,N,320,Vitamin A values range widely due to differences in cultivar and proportion of carrots.
3054,1,N,318,Vitamin A values range widely due to differences in cultivar and proportion of carrots.
3054,2,N,320,Vitamin A values range widely due to differences in cultivar and proportion of carrots.
3069,1,N,318,Vitamin A values range widely due to differences in cultivar and proportion of carrots.
3069,2,N,320,Vitamin A values range widely due to differences in cultivar and proportion of carrots.
3073,1,N,318,Vitamin A values range widely due to differences in cultivar and proportion of carrots.
3073,2,N,320,Vitamin A values range widely due to differences in cultivar and proportion of carrots.
3082,1,N,318,Vitamin A values range widely due to differences in cultivar and proportion of carrots.
3082,2,N,320,Vitamin A values range widely due to differences in cultivar and proportion of carrots.
3083,1,N,318,Vitamin A values range widely due to differences in cultivar and proportion of carrots.
3083,2,N,320,Vitamin A values range widely due to differences in cultivar and proportion of carrots.
3084,1,N,318,Vitamin A values range widely due to differences in cultivar and proportion of carrots.
3084,2,N,320,Vitamin A values range widely due to differences in cultivar and proportion of carrots.
3085,1,N,318,Vitamin A values range widely due to differences in cultivar and proportion of carrots.
3085,2,N,320,Vitamin A values range widely due to differences in cultivar and proportion of carrots.
3685,1,D,,Prepared with 1/4 cup dry cereal and 1/2 cup whole milk.
3808,1,D,,"Contains arachidonic acid (ARA, nutrient number 620) and docosahexaenoic acid (DHA, nutrient number 621), fatty acids found in human breast milk."
3812,1,D,,"Contains arachidonic acid (ARA, nutrient number 620) and docosahexaenoic acid (DHA, nutrient number 621), fatty acids found in human breast milk."
3815,1,D,,"Contains arachidonic acid (ARA, nutrient number 620) and docosahexaenoic acid (DHA, nutrient number 621), fatty acids found in human breast milk."
3818,1,D,,"Contains arachidonic acid (ARA, nutrient number 620) and docosahexaenoic acid (DHA, nutrient number 621), fatty acids found in human breast milk."
3825,1,D,,"Contains arachidonic acid (ARA, nutrient number 620) and docosahexaenoic acid (DHA, nutrient number 621), fatty acids found in human breast milk."
3832,1,D,,"Contains arachidonic acid (ARA, nutrient number 620) and docosahexaenoic acid (DHA, nutrient number 621), fatty acids found in human breast milk."
3838,1,D,,"Contains arachidonic acid (ARA, nutrient number 620) and docosahexaenoic acid (DHA, nutrient number 621), fatty acids found in human breast milk."
3841,1,N,573,Added vitamin E is RRR alpha tocopherol
3842,1,N,573,Added vitamin E is RRR alpha tocopherol.
3843,1,N,573,Added vitamin E is RRR alpha-tocopherol.
3844,1,D,,"Contains arachidonic acid (ARA, nutrient number 620) and docosahexaenoic acid (DHA, nutrient number 621), fatty acids found in human breast milk."
3845,1,D,,"Contains arachidonic acid (ARA, nutrient number 620) and docosahexaenoic acid (DHA, nutrient number 621), fatty acids found in human breast milk."
3849,1,D,,"Contains arachidonic acid (ARA, nutrient number 620) and docosahexaenoic acid (DHA, nutrient number 621), fatty acids found in human breast milk."
3851,1,N,573,Added vitamin E is RRR alpha tocopherol
3852,1,D,,"Contains arachidonic acid (ARA, nutrient number 620) and docosahexaenoic acid (DHA, nutrient number 621), fatty acids found in human breast milk."
3853,1,N,573,Added vitamin E is RRR alpha tocopherol
3854,1,D,,"Contains arachidonic acid (ARA, nutrient number 620) and docosahexaenoic acid (DHA, nutrient number 621), fatty acids found in human breast milk."
3857,1,D,,"Contains arachidonic acid (ARA, nutrient number 620) and docosahexaenoic acid (DHA, nutrient number 621), fatty acids found in human breast milk."
3859,1,D,,"Contains arachidonic acid (ARA, nutrient number 620) and docosahexaenoic acid (DHA, nutrient number 621), fatty acids found in human breast milk."
3861,1,D,,"Contains arachidonic acid (ARA, nutrient number 620) and docosahexaenoic acid (DHA, nutrient number 621), fatty acids found in human breast milk."
3864,1,D,,"Contains arachidonic acid (ARA, nutrient number 620) and docosahexaenoic acid (DHA, nutrient number 621), fatty acids found in human breast milk."
3867,1,D,,"Contain arachidonic acid (ARA, nutrient number 620) and docosahexaenoic acid (DHA, nutrient number 621) fatty acids found in human breast milk."
3935,1,D,,"Contains arachidonic acid (ARA, nutrient number 620) and docosahexaenoic acid (DHA, nutrient number 621), fatty acids found in human breast milk."
3936,1,D,,"Contains arachidonic acid (ARA, nutrient number 620) and docosahexaenoic acid (DHA, nutrient number 621) fatty acids found in human breast milk."
3937,1,D,,"Contains arachidonic acid (ARA, nutrient number 620) and docosahexaenoic acid (DHA, nutrient number 621), fatty acids found in human breast milk"
3938,1,D,,Contain arachidonic acid(ARA nutrient number is 620) and Docosahexaenoic acid (DHA nutrient number is 621) fatty acids found inhuman breast milk
3939,1,D,,"Contains arachidonic acid (ARA, nutrient number 620) and docosahexaenoic acid (DHA nutrient number 621) fatty acids found in human breast milk."
3940,1,D,,"Contains arachidonic acid (ARA, nutrient number 620) and docosahexaenoic acid ( DHA nutrient number 621) fatty acids found in human breast milk"
3941,1,D,,"Contains arachidonic acid (ARA, nutrient number 620) and docosahexaenoic acid (DHA, nutrient number 621) fatty acids found in human breast milk"
3942,1,D,,"Contains arachidonic acid (ARA, nutrient number 620) and docosahexaenoic acid (DHA, nutrient number 621), fatty acids found in human breast milk."
3943,1,D,,"Contains arachidonic acid (ARA, nutrient number 620) and docosahexaenoic acid (DHA, nutrient number 621), fatty acids found in human breast milk."
3944,1,D,,"Contains arachidonic acid (ARA, nutrient number 620) and docosahexaenoic acid (DHA, nutrient number 621), fatty acids found in human breast milk."
3945,1,D,,"Contains arachidonic acid (ARA, nutrient number 620) and docosahexaenoic acid (DHA, nutrient number 621), fatty acids found in human breast milk."
3945,2,N,573,Added vitamin E is RRR alpha tocopherol.
3946,1,D,,"Contains arachidonic acid (ARA, nutrient number 620) and docosahexaenoic acid (DHA, nutrient number 621), fatty acids found in human breast milk."
3947,1,D,,"Contains arachidonic acid (ARA, nutrient number 620) and docosahexaenoic acid (DHA, nutrient number 621), fatty acids found in human breast milk."
3948,1,D,,"Contains arachidonic acid (ARA, nutrient number 620) and docosahexaenoic acid (DHA, nutrient number 621), fatty acids found in human breast milk."
3949,1,D,,"Contains arachidonic acid (ARA, nutrient number 620) and docosahexaenoic acid (DHA, nutrient number 621), fatty acids found in human breast milk."
3950,1,D,,"Contains arachidonic acid (ARA, nutrient number 620) and docosahexaenoic acid (DHA, nutrient number 621), fatty acids found in human breast milk."
3951,1,D,,"Contains arachidonic acid (ARA, nutrient number 620) and docosahexaenoic acid (DHA, nutrient number 621), fatty acids found in human breast milk."
3952,1,D,,"Contains arachidonic acid (ARA, nutrient number 620) and docosahexaenoic acid (DHA, nutrient number 621), fatty acids found in human breast milk."
3953,1,D,,"Contains arachidonic acid (ARA, nutrient number 620) and docosahexaenoic acid (DHA, nutrient number 621), fatty acids found in human breast milk."
3954,1,D,,"Contains arachidonic acid (ARA, nutrient number 620) and docosahexaenoic acid (DHA, nutrient number 621), fatty acids found in human breast milk."
3955,1,D,,"Contains arachidonic acid (ARA, nutrient number 620) and docosahexaenoic acid (DHA, nutrient number 621), fatty acids found in human breast milk."
3956,1,D,,"Contains arachidonic acid (ARA,  number 620) and docosahexaenoic acid (DHA, nutrient number 621) fatty acids found in human breast milk"
3957,1,D,,"Contains arachidonic acid (ARA, nutrient number 620) and docosahexaenoic acid (DHA, nutrient number 621), fatty acids found in human breast milk."
3961,1,D,,"Contain arachidonic acid (ARA, nutrient number 620) and docosahexaenoic acid nutrient number 621) fatty acids found to human breast milk"
3967,1,D,,"Contains arachidonic acid (ARA, nutrient number 620) and docosahexaenoic acid (DHA, nutrient number 621), fatty acids found in human breast milk."
4011,1,N,205,Contains other proximate components.
4011,2,N,430,Added nutrient
4013,2,N,323,Added nutrient
4014,1,N,205,Contains other proximate components.
4014,2,N,430,Added nutrient
4044,1,D,,Other phytosterols and phytostanols identified include: beta-sitostanol (4.483) and delta-5 avenasterol (8.733)
4582,1,D,,"Other phytosterols and phytostanols identified include: beta-sitostanol (0.925 mg), campestanol (0.811 mg) and delta-5 avenasterol (11.721 mg)"
4628,1,D,,"Other phytosterols and phytostanols identified include: beta-sitostanol (10.27 mg), campestanol (2.93 mg) and delta-5 avenasterol (11.62 mg)"
4673,1,N,204,contains 2.841 g omega-3 fatty acids
4675,1,N,204,contains 0.779 g omega-3 fatty acids
4676,1,N,204,contains 0.164 g omega-3 fatty acids
4677,1,N,204,contains 3.982 g omega-3 fatty acids of which 1.071 g are long chain fatty acids
4687,1,D,,Plant Stanol esters = 6070 mg/100g
5315,1,D,,"Pieces, skin side down, seared 13 minutes; roasted at 350 degrees F, 17 minutes to 165 degrees  F"
5315,2,N,204,Data from the Duckling Council and a USDA contract
5315,2,N,601,Data from the Duckling Council and a USDA contract
5316,1,D,,"Skinless pieces, charbroiled 12 minutes to  165 degrees F"
5316,2,N,204,Data from the Duckling Council and a USDA contract
5316,3,N,601,Data from the Duckling Council and a USDA contract
5317,1,D,,"Pieces with skin, seared 13 minutes, roasted at 350 degrees F, 60 minutes to 185 degrees F"
5317,2,N,204,Data from the Duckling Council and a USDA contract
5317,3,N,601,Data from the Duckling Council and a USDA contract
5318,1,D,,"Skinless pieces, covered and braised at 350 degrees F, 55 minutes to 185 degrees F"
5318,2,N,204,Data from the Duckling Council and a USDA contract
5318,3,N,601,Data from the Duckling Council and a USDA contract
6264,1,D,,"Recipe No. G-08, NFSMI, Healthy School Meals Resource System, and Team Nutrition"
6285,1,D,,"Recipe No. G-05 from NFSMI, Healthy School Meals Resource System, and Team Nutrition"
6307,1,N,205,Contains other proximate components.
8037,1,D,,"Made with oats, raisins, sunflower seeds, almonds, wheat germ, honey, coconut and canola oil."
8656,1,N,573,Added vitamin E is natural RRR alpha tocopherol.
8680,1,N,328,"Majority of brands are not fortified with vitamin D, but some store brands are fortified at 20% DV (80 IU or 2 mcg/100 g)."
8680,2,N,324,"Majority of brands are not fortified with vitamin D, but some store brands are fortified at 20% DV (80 IU or 2 mcg/100 g)."
9003,1,D,,"Based on analytical data for red delicious, golden delicious, gala, granny smith, and fuji varieties."
9003,2,M,,3 and 5 pound bags of apples typically contain small and extra small sizes.
9016,1,D,,Includes juice box
9037,1,D,,Based on 86% California and 14% Florida varieties.
9062,1,N,417,Mean value contains data based on the analysis of 5-methyltetrahydrofolate plus total folate determined microbiologically
9085,1,N,291,Total dietary fiber determined by AOAC 2009.01 (McCleary Method)
9087,1,D,,Common variety
9094,1,D,,Mission variety
11056,1,N,432,"Value based on the analysis of 5-methyltetrahydrofolate, 10-Formyl folic acid, 5-Formyltetrahydrofolic acid"
11170,1,N,417,"Value based on the analysis of 5-methyl tetrahydrofolate (5-MTHF), 10-formyl folic acid (10HCOFA), and 5-formyltetrahydrofolic acid (5-HCOH4)"
11172,1,N,417,"Value based on the analysis of 5-methyltetrahydrofolate, 10-Formyl folic acid, 5-Formyltetrahydrofolic acid"
11172,1,N,435,"Value based on the analysis of 5-methyltetrahydrofolate, 10-Formyl folic acid, 5-Formyltetrahydrofolic acid"
11172,1,N,432,"Value based on the analysis of 5-methyltetrahydrofolate, 10-Formyl folic acid, 5-Formyltetrahydrofolic acid"
11177,1,N,435,"Value based on the analysis of 5-methyltetrahydrofolate, 10-Formyl folic acid, and 5-Formyltetrahydrofolic acid."
11177,1,N,432,"Value based on the analysis of 5-methyltetrahydrofolate, 10-Formyl folic acid, and 5-Formyltetrahydrofolic acid."
11177,1,N,417,"Value based on the analysis of 5-methyltetrahydrofolate, 10-Formyl folic acid, and 5-Formyltetrahydrofolic acid."
11238,1,D,,Ergosterol = 85 mg/100 g.
11238,2,N,435,"Value based on the analysis of 5-methyltetrahydrofolate, 10-Formyl folic acid, and 5-Formyltetrahydrofolic acid"
11238,2,N,417,"Value based on the analysis of 5-methyltetrahydrofolate, 10-Formyl folic acid, and 5-Formyltetrahydrofolic acid"
11238,2,N,432,"Value based on the analysis of 5-methyltetrahydrofolate, 10-Formyl folic acid, and 5-Formyltetrahydrofolic acid"
11239,1,D,,Ergosterol = 61 mg/100 g.
11239,2,N,435,"Value based on the analysis of 5-methyltetrahydrofolate, 10-Formyl folic acid, 5-Formyltetrahydrofolic acid"
11239,2,N,417,"Value based on the analysis of 5-methyltetrahydrofolate, 10-Formyl folic acid, 5-Formyltetrahydrofolic acid"
11239,2,N,432,"Value based on the analysis of 5-methyltetrahydrofolate, 10-Formyl folic acid, 5-Formyltetrahydrofolic acid"
11240,1,N,636,Ergosterol = 26 mg/100 g; Brassicasterol = 29 mg/100 g.
11240,2,N,435,"Value based on the analysis of 5-methyl tetrahydrofolate (5-MTHF), 10-formyl folic acid (10HCOFA), and 5-formyltetrahydrofolic acid (5-HCOH4)"
11240,2,N,432,"Value based on the analysis of 5-methyl tetrahydrofolate (5-MTHF), 10-formyl folic acid (10HCOFA), and 5-formyltetrahydrofolic acid (5-HCOH4)"
11240,2,N,417,"Value based on the analysis of 5-methyl tetrahydrofolate (5-MTHF), 10-formyl folic acid (10HCOFA), and 5-formyltetrahydrofolic acid (5-HCOH4)"
11260,1,D,,Ergosterol = 56 mg/100 g.
11260,2,N,417,"Mean value contains data based on the analysis of 5-methyltetrahydrofolate, 10-formyl folic acid, and 5-formyltetrahydrofolic acid plus total folate determined microbiologically"
11260,2,N,432,"Mean value contains data based on the analysis of 5-methyltetrahydrofolate, 10-formyl folic acid, and 5-formyltetrahydrofolic acid plus total folate determined microbiologically"
11260,2,N,435,"Mean value contains data based on the analysis of 5-methyltetrahydrofolate, 10-formyl folic acid, and 5-formyltetrahydrofolic acid plus total folate determined microbiologically"
11263,1,D,,Water used in stir-frying.  No fat added.
11265,1,D,,Ergosterol = 56 mg/100 g.
11265,2,N,432,"Mean value contains data based on the analysis of 5-methyltetrahydrofolate, 10-Formyl folic acid, and 5-Formyltetrahydrofolic acid plus total folate determined microbiologically"
11265,2,N,435,"Mean value contains data based on the analysis of 5-methyltetrahydrofolate, 10-Formyl folic acid, and 5-Formyltetrahydrofolic acid plus total folate determined microbiologically"
11265,2,N,417,"Mean value contains data based on the analysis of 5-methyltetrahydrofolate, 10-Formyl folic acid, and 5-Formyltetrahydrofolic acid plus total folate determined microbiologically"
11266,1,D,,Ergosterol = 62 mg/100 g.
11266,2,N,417,"Mean value contains data based on the analysis of 5-methyltetrahydrofolate, 10-Formyl folic acid, and 5-Formyltetrahydrofolic acid plus total folate determined microbiologically"
11266,2,N,435,"Mean value contains data based on the analysis of 5-methyltetrahydrofolate, 10-Formyl folic acid, and 5-Formyltetrahydrofolic acid plus total folate determined microbiologically"
11266,2,N,432,"Mean value contains data based on the analysis of 5-methyltetrahydrofolate, 10-Formyl folic acid, and 5-Formyltetrahydrofolic acid plus total folate determined microbiologically"
11267,1,D,,Water used in stir-frying.  No fat added.
11306,1,N,417,Folate value based on the analysis of 5-methyltetrahydrofolate
11306,1,N,432,Folate value based on the analysis of 5-methyltetrahydrofolate
11306,1,N,435,Folate value based on the analysis of 5-methyltetrahydrofolate
11308,1,N,432,"Mean value contains data based on the analysis of 5-methyltetrahydrofolate, 10-Formyl folic acid, and 5-Formyltetrahydrofolic acid."
11308,1,N,417,"Mean value contains data based on the analysis of 5-methyltetrahydrofolate, 10-Formyl folic acid, and 5-Formyltetrahydrofolic acid."
11308,1,N,435,"Mean value contains data based on the analysis of 5-methyltetrahydrofolate, 10-Formyl folic acid, and 5-Formyltetrahydrofolic acid."
11311,1,N,435,"Mean value contains data based on the analysis of 5-methyltetrahydrofolate, 10-Formyl folic acid, and 5-Formyltetrahydrofolic acid."
11311,1,N,417,"Mean value contains data based on the analysis of 5-methyltetrahydrofolate, 10-Formyl folic acid, and 5-Formyltetrahydrofolic acid."
11311,1,N,432,"Mean value contains data based on the analysis of 5-methyltetrahydrofolate, 10-Formyl folic acid, and 5-Formyltetrahydrofolic acid."
11333,1,N,417,Value based on the analysis of 5-methyltetrahydrofolate
11359,1,D,,Primarily retail consumer product
11360,1,D,,Primarily retail consumer product
11371,1,D,,"Recipe:  Potatoes, 80%; whole milk, 14%; margarine, 5%; and salt, 1%."
11372,1,D,,"Recipe:  Potatoes, 59%; whole milk, 36%; butter, 2%; flour, 2%; and salt, 1%."
11373,1,D,,"Recipe:  Potatoes, 55%; whole milk, 30%; cheddar cheese, 9%; butter, 3%; flour , 2%; and salt, 1%."
11394,1,D,,Primarily retail consumer product
11395,1,D,,Primarily retail consumer product
11402,1,D,,Primarily retail consumer product
11411,1,D,,Primarily retail consumer product
11412,1,D,,Primarily retail consumer product
11414,1,D,,"Recipe:  Potatoes, 62%; egg, 12%; mayonnaise, 8%; celery, 7%; sweet pickle relish, 6%; onion, 2%; green pepper, 1%; pimiento, 1%; salt, 1%; and dry mustard."
11579,1,D,,"Mixture includes carrots, green peas, snap beans, and lima beans."
11581,1,D,,"Mixture includes carrots, green peas, snap beans, and lima beans."
11583,1,D,,"Mixture includes corn, lima beans, snap beans, green peas, and carrots."
11584,1,D,,"Mixture includes corn, lima beans, snap beans, green peas, and carrots."
11656,1,D,,"Recipe:  Yellow corn, 55%; whole milk, 23%; egg, 14%; sugar, 4%; butter, 3%; salt, 1%; and pepper."
11657,1,D,,"Recipe:  Potatoes, 84%; whole milk, 15%; and salt, 1%."
11671,1,D,,"Recipe:  Potatoes, 63%; whole milk, 19%; onions, 8%; green pepper, 7%; bread crumbs, 2%; salt, butter, and black pepper, 1%."
11672,1,D,,"Recipe:  Potatoes, 72%; eggs, 12%; onions, 7%; margarine, 7%; flour, 2%; and salt, 1%."
11729,1,N,417,"Value based on the analysis of 5-methyltetrahydrofolate, 10-Formyl folic acid, 5-Formyltetrahydrofolic acid"
11729,1,N,432,"Value based on the analysis of 5-methyltetrahydrofolate, 10-Formyl folic acid, 5-Formyltetrahydrofolic acid"
11729,1,N,435,"Value based on the analysis of 5-methyltetrahydrofolate, 10-Formyl folic acid, 5-Formyltetrahydrofolic acid"
11798,1,D,,Ergosterol = 137 mg/100 g.
11821,1,N,417,Value based on the analysis of 5-methyltetrahydrofolate
11841,1,D,,Primarily food service product
11842,1,D,,Primarily food service product
11843,1,D,,"Recipe:  Potatoes, 55%; whole milk, 30%; cheddar cheese, 9%; margarine, 3%; flour , 2%; and salt, 1%."
11894,1,D,,"Mixture includes corn, lima beans, snap beans, green peas, and carrots."
11905,1,N,417,"Value based on the analysis of 5-methyltetrahydrofolate, 10-Formyl folic acid, 5-Formyltetrahydrofolic acid"
11905,1,N,435,"Value based on the analysis of 5-methyltetrahydrofolate, 10-Formyl folic acid, 5-Formyltetrahydrofolic acid"
11905,1,N,432,"Value based on the analysis of 5-methyltetrahydrofolate, 10-Formyl folic acid, 5-Formyltetrahydrofolic acid"
11934,1,D,,"Recipe:  Potatoes, 80%; whole milk, 14%; butter, 5%; and salt, 1%."
11938,1,N,417,"Mean value contains data based on the analysis of 5-methyltetrahydrofolate, 10-formyl folic acid, and 5-formyltetrahydrofolic acid plus total folate determined microbiologically"
11938,2,N,432,"Mean value contains data based on the analysis of 5-methyltetrahydrofolate, 10-formyl folic acid, and 5-formyltetrahydrofolic acid plus total folate determined microbiologically"
11938,3,N,435,"Mean value contains data based on the analysis of 5-methyltetrahydrofolate, 10-formyl folic acid, and 5-formyltetrahydrofolic acid plus total folate determined microbiologically"
11939,1,D,,Ergosterol = 62 mg/100 g.
11950,1,D,,Ergosterol = 36 mg/100 g.
11950,2,N,435,"Mean value contains data based on the analysis of 5-methyltetrahydrofolate, 10-Formyl folic acid, and 5-Formyltetrahydrofolic acid plus total folate determined microbiologically"
11950,2,N,432,"Mean value contains data based on the analysis of 5-methyltetrahydrofolate, 10-Formyl folic acid, and 5-Formyltetrahydrofolic acid plus total folate determined microbiologically"
11950,2,N,417,"Mean value contains data based on the analysis of 5-methyltetrahydrofolate, 10-Formyl folic acid, and 5-Formyltetrahydrofolic acid plus total folate determined microbiologically"
11987,1,D,,Ergosterol = 64 mg/100 g.
11987,2,N,435,"Mean value contains data based on the analysis of 5-methyltetrahydrofolate, 10-formyl folic acid, and 5-formyltetrahydrofolic acid plus total folate determined microbiologically"
11987,2,N,417,"Mean value contains data based on the analysis of 5-methyltetrahydrofolate, 10-formyl folic acid, and 5-formyltetrahydrofolic acid plus total folate determined microbiologically"
11987,2,N,432,"Mean value contains data based on the analysis of 5-methyltetrahydrofolate, 10-formyl folic acid, and 5-formyltetrahydrofolic acid plus total folate determined microbiologically"
11993,1,D,,Ergosterol = 72 mg/100 g.
11993,2,N,435,"Mean value contains data based on the analysis of 5-methyltetrahydrofolate, 10-Formyl folic acid, and 5-Formyltetrahydrofolic acid plus total folate determined microbiologically"
11993,2,N,432,"Mean value contains data based on the analysis of 5-methyltetrahydrofolate, 10-Formyl folic acid, and 5-Formyltetrahydrofolic acid plus total folate determined microbiologically"
11993,2,N,417,"Mean value contains data based on the analysis of 5-methyltetrahydrofolate, 10-Formyl folic acid, and 5-Formyltetrahydrofolic acid plus total folate determined microbiologically"
11998,1,D,,Ergosterol = 56 mg/100 g.
11998,2,N,432,"Mean value contains data based on the analysis of 5-methyltetrahydrofolate, 10-formyl folic acid, and 5-formyltetrahydrofolic acid plus total folate determined microbiologically"
11998,2,N,417,"Mean value contains data based on the analysis of 5-methyltetrahydrofolate, 10-formyl folic acid, and 5-formyltetrahydrofolic acid plus total folate determined microbiologically"
11998,2,N,435,"Mean value contains data based on the analysis of 5-methyltetrahydrofolate, 10-formyl folic acid, and 5-formyltetrahydrofolic acid plus total folate determined microbiologically"
12016,1,D,,"Other phytosterols total 248.8 mg/100g; these include delta 5-avenasterol (3.5), sitostanol (3.5), campestanol (.8), and other minor phytosterols (241 mg)."
12038,1,N,204,Fat and fatty acids based on 25% roasted in cottonseed oil and 75% roasted in sunflower oil
12038,2,N,323,Tocopherols and tocotrienols based on seeds roasted in NuSun sunflower oil
12040,1,D,,Made with NuSun sunflower seeds; some brands have different formulation.
12040,2,D,,"Other phytosterols = 21.6 mg/100g; these include delta 5-avenasterol, sitostanol, and campestanol."
12061,1,D,,Unroasted
12061,2,D,,"Other phytosterols = 58 mg/100g; these include 21 mg delta 5-avenasterol, 4 mg sitostanol, 2 mg campestanol, and 32 mg other minor phytosterols."
12062,1,D,,Unroasted
12065,1,D,,Roasted in high oleic safflower oil
12078,1,D,,Other phytosterols total 51.5 mg/100g; these include delta 5-avenasterol + beta-sitostanol (19.7) and other minor phytosterols.
12086,1,D,,"Other phytosterols total 35.0 mg/100g; these include delta 5-avenasterol (13.5), campestanol (2.7), and other minor phytosterols (18.9 mg)."
12087,1,D,,"Raw cashews have been heat-treated to safely remove kernel from shell, but not further roasted."
12087,2,D,,"Other phytosterols = 29 mg/100g; these include 2 mg campestanol, 14 mg delta-5-avenasterol, and 13 mg other minor sterols."
12104,1,D,,From mature coconut.
12120,1,D,,Unroasted
12120,2,D,,"Other phytosterols = 12.0 mg/100g; these include delta 5-avenasterol (2.6), campestanol (3.0), sitostanol (3.9) and other minor phytosterols (2.5 mg)."
12121,1,D,,Unroasted
12131,1,D,,Unroasted
12132,1,D,,"Other phytosterols total 30.3 mg/100g; these include delta 5-avenasterol (13.4), campestanol (3.0), and other minor phytosterols (13.9 mg)."
12137,1,D,,"Includes peanuts, almonds, cashews, brazil nuts, hazelnuts, and pecans."
12142,1,D,,Unroasted
12142,2,D,,"Other phytosterols = 32.8 mg/100g; these include delta 5-avenasterol (14.3), campestanol (2.8), brassicasterol (0.5), and other minor phytosterols (15.1 mg)."
12144,1,D,,"Roasted in cottonseed, peanut, soybean, or sunflower oil."
12147,1,D,,Includes  pignolia (Pinus pinea) and Korean (Pinus koraiensis).
12147,2,D,,"Other phytosterols total 84.1 mg/100g; these include delta 5-avenasterol (40.1), sitostanol (5.9), campestanol (3.9), and other minor phytosterols (34.2 mg)."
12151,1,D,,Unroasted
12152,1,D,,"Additional phytosterols total 89 mg/100 g; these include delta 5-avenasterol (26.2), sitostanol (2.3), campestanol (4.9), and other minor phytosterols (55.6 mg)."
12154,1,D,,Additional phytosterols total 57 mg/100 g; these include delta 5-avenasterol + sitostanol (28.7) and other minor sterols (28.3).
12155,1,D,,Unroasted
12155,2,D,,"Other phytosterols total 18.2 mg/100g; these include delta 5-avenasterol (7.3), campestanol (2.3), and other minor phytosterols (8.6 mg)."
12201,1,D,,"Other phytosterols = 84.9 mg/100g; these include delta 5-avenasterol (40.4), campestanol (5.6), and other minor phytosterols (38.9 mg)."
12220,1,D,,Up to 12 percent flax seed can safely be used as an ingredient in food.
12220,2,D,,"Other phytosterols = 49.0 mg/100g; these include delta 5-avenasterol (21.2), campestanol (2.8), brassicasterol (1.1) and other minor phytosterols (23.9 mg)."
12516,1,D,,"Other phytosterols total 248.8 mg/100g; these include delta 5-avenasterol (3.5), sitostanol (3.5), campestanol (.8), and other minor phytosterols (241 mg)."
12516,2,N,307,"Sodium level varies by brand, depending on the amount of salt added."
12536,1,N,307,Sodium includes salt on shells. Sodium from kernels only is 372 mg/100 g.
12538,1,N,204,Fat and fatty acids based on 25% roasted in cottonseed oil and 75% roasted in sunflower oil
12538,2,N,323,Tocopherols and tocotrienols based on seeds roasted in NuSun sunflower oil
12540,1,D,,Made with NuSun sunflower seeds; some brands have different formulation.
12540,2,D,,"Other phytosterols = 21.6 mg/100g; these include delta 5-avenasterol, sitostanol, and campestanol."
12565,1,D,,Roasted in high oleic safflower oil
12586,1,D,,"Other phytosterols total 35.0 mg/100g; these include delta 5-avenasterol (13.5), campestanol (2.7), and other minor phytosterols (18.9 mg)."
12632,1,D,,"Other phytosterols total 30.3 mg/100g; these include delta 5-avenasterol (13.4), campestanol (3.0), and other minor phytosterols (13.9 mg)."
12637,1,D,,"Includes peanuts, almonds, cashews, brazil nuts, hazelnuts, and pecans."
12644,1,D,,"Roasted in cottonseed, peanut, soybean, or sunflower oil."
12652,1,D,,"Additional phytosterols total 89 mg/100 g; these include delta 5-avenasterol (26.2), sitostanol (2.3), campestanol (4.9), and other minor phytosterols (55.6 mg)."
12663,1,N,307,Sodium value reflects edible shells infused with salt.  Brands vary in sodium level.
12737,1,D,,"Includes peanuts, almonds, cashews, brazil nuts, hazelnuts (filberts), pecans, and pistachios"
12738,1,D,,"Includes cashews, almonds, brazil nuts, pecans, and pistachio nuts."
13361,1,D,,Estimation of the nutrient profile for this composite were·based upon the market shares of 0ˆ fat trim cuts.
13362,1,D,,Estimation of the nutrient profile for this composite were·based upon the market shares of 0ˆ fat trim cuts.
13363,1,D,,Estimation of the nutrient profile for this composite were·based upon the market shares of 0ˆ fat trim cuts.
13364,1,D,,Estimation of the nutrient profile for this composite were·based upon the market shares of 0ˆ fat trim cuts.
13365,1,D,,Estimation of the nutrient profile for this composite were·based upon the market shares of 0ˆ fat trim cuts.
13366,1,D,,Estimation of the nutrient profile for this composite were·based upon the market shares of 0ˆ fat trim cuts.
13795,1,D,,Estimation of the nutrient profile for this composite were·based upon the market shares of 1/8ˆ fat trim cuts.
13796,1,D,,Estimation of the nutrient profile for this composite were·based upon the market shares of 1/8ˆ fat trim cuts.
13797,1,D,,Estimation of the nutrient profile for this composite were·based upon the market shares of 1/8ˆ fat trim cuts.
13798,1,D,,Estimation of the nutrient profile for this composite were·based upon the market shares of 1/8ˆ fat trim cuts.
13799,1,D,,Estimation of the nutrient profile for this composite were·based upon the market shares of 1/8ˆ fat trim cuts.
13800,1,D,,Estimation of the nutrient profile for this composite were·based upon the market shares of 1/8ˆ fat trim cuts.
14003,1,D,,"Proximates include ales, lagers, porters, premium beers and stouts.   Other nutrients based on lager samples."
14075,1,D,,Mineral content varies between brands
14096,1,D,,"Minerals, B vitamins and vitamin C determinations were made on samples of Merlot."
14106,1,D,,"Minerals, B vitamins and vitamin C determinations were made on samples of Chardonnay."
14106,2,D,,Late harvest wines have not been included.
14124,1,D,,Late harvest wines have not been included.
14126,1,D,,Late harvest wines have not been included.
14132,1,D,,Late harvest wines have not been included.
14134,1,D,,Late harvest wines have not been included.
14140,1,D,,Late harvest wines have not been included.
14140,2,D,,"Includes Muscat, Muscat Blanc and Muscat Canelli."
14145,1,D,,"Includes retail and fast food, without ice products."
14145,2,N,269,Retail products have higher values than fast food products.
14145,3,N,210,Fast food products contain sucrose while retail products do not.
14145,4,N,211,Retail products have higher values than fast food products.
14145,5,N,212,Retail products have higher values than fast food products.
14147,1,D,,"Includes retail and fast food, without ice products."
14147,2,N,269,Retail products have higher values than fast food products.
14147,3,N,210,Fast food products contain sucrose while retail products do not.
14147,4,N,211,Retail products have higher values than fast food products.
14147,5,N,212,Retail products have higher values than fast food products.
14209,1,D,,Includes fast food and home brewed coffee.
14231,1,N,205,Contains other proximate components.
14384,1,M,,One fl oz = 29.57 g.
14385,1,M,,One fl oz = 29.57 g.
14400,1,D,,"Includes retail and fast food. Weights of drinks vary because bottles and cans are filled to the brim but cups in fast food restaurants are not. For cups, weights are weight of the drink without ice."
14400,2,N,269,Retail products have higher values than fast food products.
14411,1,D,,Includes municipal water and well water.
14416,1,D,,"Includes retail and fast food, without ice products."
14460,1,D,,"old name: Sports drink, QUAKER OATS, GATORADE, fruit-flavored, ready-to-drink   NFNAP data and Fluoride for SR18"
15028,1,N,307,Samples were obtained from 12 retail stores using a probability-based sampling plan.  Some fish had been treated during processing to retain moisture on thawing.  Untreated fish = 81 mg sodium/100g.
15029,1,N,307,Samples were obtained from 12 retail stores using a probability-based sampling plan.  Some fish had been treated during processing to retain moisture on thawing.  Untreated fish = 105 mg sodium/100g.
15033,1,N,307,Samples were obtained from 12 retail stores using a probability-based sampling plan.  Some fish had been treated during processing to retain moisture on thawing.  Untreated fish = 68 mg sodium/100g.
15034,1,N,307,Samples were obtained from 12 retail stores using a probability-based sampling plan.  Some fish had been treated during processing to retain moisture on thawing.  Untreated fish = 87 mg sodium/100g.
15058,1,N,307,Samples were obtained from 12 retail stores using a probability-based sampling plan.  Some fish had been treated during processing to retain moisture on thawing.  Untreated fish = 96 mg sodium/100g.
15066,1,N,307,Samples were obtained from 12 retail stores using a probability-based sampling plan.  Some fish had been treated during processing to retain moisture on thawing.  Untreated fish = 159 mg sodium/100g.
15067,1,N,307,Samples were obtained from 12 retail stores using a probability-based sampling plan.  Some fish had been treated during processing to retain moisture on thawing.  Untreated fish = 166 mg sodium/100g.
15149,1,N,307,Samples were obtained from 12 retail stores using a probability-based sampling plan.  Some fish had been treated during processing to retain moisture on thawing.  Untreated fish = 119 mg sodium/100g.
15151,1,N,307,Samples were obtained from 12 retail stores using a probability-based sampling plan.  Some fish had been treated during processing to retain moisture on thawing.  Untreated fish = 111 mg sodium/100g.
15157,1,N,307,Samples were obtained from 12 retail stores using a probability-based sampling plan.  Some fish had been treated during processing to retain moisture on thawing.  Untreated fish = 56 mg sodium/100g.
15159,1,N,307,Samples were obtained from 12 retail stores using a probability-based sampling plan.  Some fish had been treated during processing to retain moisture on thawing.  Untreated fish = 112 mg sodium/100g.
15172,1,N,307,Samples were obtained from 12 retail stores using a probability-based sampling plan.  Some fish had been treated during processing to retain moisture on thawing.  Untreated fish = 161 mg sodium/100g.
15192,1,N,307,Samples were obtained from 12 retail stores using a probability-based sampling plan.  Some fish had been treated during processing to retain moisture on thawing.  Untreated fish = 134 mg sodium/100g.
16034,1,N,417,"Value based on the analysis of 5-methyltetrahydrofolate, 10-Formyl folic acid, and 5-Formyltetrahydrofolic acid."
16034,1,N,432,"Value based on the analysis of 5-methyltetrahydrofolate, 10-Formyl folic acid, and 5-Formyltetrahydrofolic acid."
16034,1,N,435,"Value based on the analysis of 5-methyltetrahydrofolate, 10-Formyl folic acid, and 5-Formyltetrahydrofolic acid."
16044,1,N,435,"Mean value contains data based on the analysis of 5-methyltetrahydrofolate, 10-Formyl folic acid, and 5-Formyltetrahydrofolic acid plus total folate determined microbiologically"
16044,1,N,432,"Mean value contains data based on the analysis of 5-methyltetrahydrofolate, 10-Formyl folic acid, and 5-Formyltetrahydrofolic acid plus total folate determined microbiologically"
16044,1,N,417,"Mean value contains data based on the analysis of 5-methyltetrahydrofolate, 10-Formyl folic acid, and 5-Formyltetrahydrofolic acid plus total folate determined microbiologically"
16058,1,N,435,Value based on the analysis of 5-methyltetrahydrofolate
16058,1,N,432,Value based on the analysis of 5-methyltetrahydrofolate
16058,1,N,417,Value based on the analysis of 5-methyltetrahydrofolate
16097,1,D,,"Other phytosterols total 94.2 mg/100g; these include beta-sitosterol (77.2) delta 5-avenasterol (15.0), and campestanol (2.0)"
16126,1,D,,"Descriptive terms (soft, firm, extra firm) vary in usage between manufacturers as there are no standards for the various types of tofu."
16126,2,N,304,"Manufacturers use either magnesium chloride (nigari), calcium sulfate, or both in varying quantities to precipitate the protein.  Calcium and magnesium contents will vary accordingly."
16126,2,N,301,"Manufacturers use either magnesium chloride (nigari), calcium sulfate, or both in varying quantities to precipitate the protein.  Calcium and magnesium contents will vary accordingly."
16127,1,D,,"Descriptive terms (soft, firm, extra firm) vary in usage between manufacturers as there are no standards for the various types of tofu."
16127,2,N,301,"Manufacturers use either magnesium chloride (nigari), calcium sulfate, or both in varying quantities to precipitate the protein.  Calcium and magnesium contents will vary accordingly."
16127,2,N,304,"Manufacturers use either magnesium chloride (nigari), calcium sulfate, or both in varying quantities to precipitate the protein.  Calcium and magnesium contents will vary accordingly."
16137,1,D,,"Recipe:  Chickpeas, 79%; lemon juice, 10%; sesame seeds, 5%; olive oil, 5%; and garlic, 1%"
16145,1,N,435,"Value based on the analysis of 5-methyltetrahydrofolate, 10-Formyl folic acid, and 5-Formyltetrahydrofolic acid."
16145,1,N,432,"Value based on the analysis of 5-methyltetrahydrofolate, 10-Formyl folic acid, and 5-Formyltetrahydrofolic acid."
16145,1,N,417,"Value based on the analysis of 5-methyltetrahydrofolate, 10-Formyl folic acid, and 5-Formyltetrahydrofolic acid."
16146,1,N,435,"Mean value contains data based on the analysis of 5-methyltetrahydrofolate, 10-Formyl folic acid, and 5-Formyltetrahydrofolic acid plus total folate determined microbiologically"
16146,1,N,432,"Mean value contains data based on the analysis of 5-methyltetrahydrofolate, 10-Formyl folic acid, and 5-Formyltetrahydrofolic acid plus total folate determined microbiologically"
16146,1,N,417,"Mean value contains data based on the analysis of 5-methyltetrahydrofolate, 10-Formyl folic acid, and 5-Formyltetrahydrofolic acid plus total folate determined microbiologically"
16147,1,D,,Profile represents several different brands and types; check label for the brand and type purchased.
16147,2,N,404,Vitamin added to some products; check label for product purchased
16147,3,N,406,Vitamin added to some products; check label for product purchased
16159,1,D,,"Descriptive terms (soft, firm, extra firm) vary in usage between manufacturers as there are no standards for the various types of tofu."
16159,2,N,301,"Manufacturers use either magnesium chloride (nigari), calcium sulfate, or both in varying quantities to precipitate the protein.  Calcium and magnesium contents will vary accordingly."
16159,3,N,304,"Manufacturers use either magnesium chloride (nigari), calcium sulfate, or both in varying quantities to precipitate the protein.  Calcium and magnesium contents will vary accordingly."
16160,1,D,,"Descriptive terms (soft, firm, extra firm) vary in usage between manufacturers as there are no standards for the various types of tofu."
16160,2,N,301,"Manufacturers use either magnesium chloride (nigari), calcium sulfate, or both in varying quantities to precipitate the protein.  Calcium and magnesium contents will vary accordingly."
16160,3,N,304,"Manufacturers use either magnesium chloride (nigari), calcium sulfate, or both in varying quantities to precipitate the protein.  Calcium and magnesium contents will vary accordingly."
16173,1,N,417,Value based on the analysis of 5-methyltetrahydrofolate
16223,1,D,,"Product may also have omega-3 fatty acids, vitamin C, vitamin B6, folate, and vitamin E added.  Check label."
16223,2,D,,"Product may also be called "extra" or "plus"""roduct may also "
16335,1,N,435,"Value based on the analysis of 5-methyltetrahydrofolate, 10-Formyl folic acid, and 5-Formyltetrahydrofolic acid"
16335,1,N,417,"Value based on the analysis of 5-methyltetrahydrofolate, 10-Formyl folic acid, and 5-Formyltetrahydrofolic acid"
16335,1,N,432,"Value based on the analysis of 5-methyltetrahydrofolate, 10-Formyl folic acid, and 5-Formyltetrahydrofolic acid"
16345,1,N,417,"Value based on the analysis of 5-methyltetrahydrofolate, 10-Formyl folic acid, and 5-Formyltetrahydrofolic acid"
16345,1,N,432,"Value based on the analysis of 5-methyltetrahydrofolate, 10-Formyl folic acid, and 5-Formyltetrahydrofolic acid"
16345,1,N,435,"Value based on the analysis of 5-methyltetrahydrofolate, 10-Formyl folic acid, and 5-Formyltetrahydrofolic acid"
16347,1,N,435,"Mean value contains data based on the analysis of 5-methyltetrahydrofolate, 10-Formyl folic acid, and 5-Formyltetrahydrofolic acid plus total folate determined microbiologically"
16347,1,N,417,"Mean value contains data based on the analysis of 5-methyltetrahydrofolate, 10-Formyl folic acid, and 5-Formyltetrahydrofolic acid plus total folate determined microbiologically"
16347,1,N,432,"Mean value contains data based on the analysis of 5-methyltetrahydrofolate, 10-Formyl folic acid, and 5-Formyltetrahydrofolic acid plus total folate determined microbiologically"
16358,1,N,435,"Value based on the analysis of 5-methyltetrahydrofolate, 10-Formyl folic acid, and 5-Formyltetrahydrofolic acid."
16358,1,N,432,"Value based on the analysis of 5-methyltetrahydrofolate, 10-Formyl folic acid, and 5-Formyltetrahydrofolic acid."
16358,1,N,417,"Value based on the analysis of 5-methyltetrahydrofolate, 10-Formyl folic acid, and 5-Formyltetrahydrofolic acid."
16359,1,N,432,"Value based on the analysis of 5-methyltetrahydrofolate, 10-Formyl folic acid, 5-Formyltetrahydrofolic acid"
16359,1,N,417,"Value based on the analysis of 5-methyltetrahydrofolate, 10-Formyl folic acid, 5-Formyltetrahydrofolic acid"
16359,1,N,435,"Value based on the analysis of 5-methyltetrahydrofolate, 10-Formyl folic acid, 5-Formyltetrahydrofolic acid"
16360,1,N,435,Value based on the analysis of 5-methyltetrahydrofolate
16360,1,N,432,Value based on the analysis of 5-methyltetrahydrofolate
16360,1,N,417,Value based on the analysis of 5-methyltetrahydrofolate
16397,1,D,,"Other phytosterols total 94.2 mg/100g; these include beta-sitosterol (77.2), delta 5-avenasterol (15.0), and campestanol (2.0)."
17156,1,N,405,"Data represent composite of clod, ribeye, top round and top sirloin for 24 bison."
17156,2,N,406,"Data represent composite of clod, ribeye, top round and top sirloin for 24 bison."
17267,1,N,208,"Energy, as determined by bomb calorimetry, is 143.00 kcal."
17268,1,N,208,"Energy, as determined by bomb calorimetry, is 145.00 kcal."
17269,1,N,208,"Energy, as determined by bomb calorimetry, is 136.00 kcal."
18014,1,N,318,value based on product containing buttermilk
18014,2,N,601,value based on product containing buttermilk
18014,3,N,320,value based on product containing buttermilk
18014,4,N,319,value based on product containing buttermilk
18015,1,N,318,value based on product containing buttermilk
18015,2,N,319,value based on product containing buttermilk
18015,3,N,320,value based on product containing buttermilk
18015,4,N,601,value based on product containing buttermilk
18360,1,D,,Item includes both regular corn and whole grain corn tortilla shells.
18567,1,M,,1/6 box (makes 1/2 cup prepared)
19008,1,D,,Product made with oil that is not partially hydrogenated.
19375,1,D,,"Powdered sugar, milk and vanilla."
19409,1,D,,"Recipe No. C-32, from NFSMI, Healthy School Meals Resource System, and Team Nutrition"
19868,1,N,205,"Adjusted.  Subtracted non-digestible, non-caloric sucralose."
19868,2,N,269,Sucralose not included.
19919,1,N,323,"Some candies contain added Vitamin E. If vitamin E is added at 25% DV per serving then Vitamin E= 8.4mg/100gm.,"
20022,1,D,,Includes Latino brands
20058,1,D,,Analytical results indicate rice is unenriched.
20062,1,N,417,Value based on the analysis of 5-methyltetrahydrofolate and tetrahydrofolate.
20063,1,N,417,Value based on the analysis of 5-methyltetrahydrofolate and tetrahydrofolate.
20064,1,N,417,Value based on the analysis of 5-methyltetrahydrofolate and tetrahydrofolate.
20065,1,N,417,Value based on the analysis of 5-methyltetrahydrofolate and tetrahydrofolate.
20067,1,N,291,Total dietary fiber value is for white sorghum.  Total dietary fiber values for other types of sorghum range from 8.8 to 11.1 g/100g.
20133,1,D,,Imported product
20134,1,D,,Imported product
20322,1,D,,Includes Latino brands
20422,1,D,,Includes Latino brands
20522,1,D,,Includes Latino brands
20647,1,N,417,"Mean value contains data based on the analysis of 5-methyltetrahydrofolate, 10-Formyl folic acid, and 5-Formyltetrahydrofolic acid plus total folate determined microbiologically"
20648,1,N,417,"Mean value contains data based on the analysis of 5-methyltetrahydrofolate, 10-Formyl folic acid, and 5-Formyltetrahydrofolic acid plus total folate determined microbiologically"
20649,1,N,291,"Dietary fiber quantified using enzymatic-gravimetric/liquid chromatography, AOAC method 2009.01, which includes resistant oligosaccharides in estimation."
22522,1,N,328,Mean of fortified and unfortified products. Values range from 0.1 mcg (unfortified) to 0.4 mcg (fortified).
22522,2,N,324,Mean of fortified and unfortified products. Values range from 5 IU (unfortified) to 16 IU (fortified).
22914,1,N,301,Mean of fortified and unfortified products.  Values range from 12.8 mg (unfortified) to 119 mg (fortified at 30% DV per serving)
22914,2,N,328,Mean of fortified and unfortified products.  Values range from 0.0 mcg (unfortified) to 1 mcg (fortified)
22914,3,N,324,Mean of fortified and unfortified products.  Values range from 0 IU (unfortified) to 40 IU (fortified at 25% DV per serving)
22957,1,D,,includes dinners w/cranberry sauce
23485,1,D,,"This composite was determined based on market shares of 0" fat trim cuts""his composite "
23490,1,D,,Estimation of the nutrient profile for this composite were·based upon the market shares of 1/8ˆ fat trim cuts.
23491,1,D,,Estimation of the nutrient profile for this composite were·based upon the market shares of 1/8ˆ fat trim cuts.
23494,1,D,,Estimation of the nutrient profile for this composite were·based upon the market shares of 0ˆ fat trim cuts.
23495,1,D,,Estimation of the nutrient profile for this composite were·based upon the market shares of 0ˆ fat trim cuts.
23496,1,D,,Estimation of the nutrient profile for this composite were·based upon the market shares of 0ˆ fat trim cuts
23497,1,D,,Estimation of the nutrient profile for this composite were·based upon the market shares of 0ˆ fat trim cuts
23498,1,D,,Estimation of the nutrient profile for this composite were·based upon the market shares of 1/8ˆ fat trim cuts.
23499,1,D,,Estimation of the nutrient profile for this composite were·based upon the market shares of 1/8ˆ fat trim cuts.
25040,1,D,,"Made with potatoes, tomatoes, spinach and beets."
25064,1,N,307,Sodium has taken from the recent analytical one.(lightly salted)
35015,1,D,,The mineral and vitamin content of berries harvested in the wild and in specific regions of the country may differ from commercially produced berries.
35130,1,M,,Serving weight is based on limited samples and may vary widely.
35133,1,M,,Weight of serving based on limited sampling and may vary widely.
35142,1,M,,Weight of serving based on limited samples and may vary widely.
35143,1,M,,Weight of serving based on limited samples and may vary widely.
35144,1,M,,Weight of serving based on limited sampling and may vary widely.
35145,1,M,,Weight of serving based on limited samples and may vary widely.
35146,1,M,,Weight of serving based on limited sampling and may vary widely.
35147,1,M,,Weight of serving based on limited samples and may vary widely.
35155,1,D,,The mineral and vitamin content of berries harvested in the wild and in specific regions of the country may differ from commercially produced berries.
35182,1,D,,"Boiled stew made with water, beef or deer, prepared acorns, dumpling strips, salt, and pepper."
35190,1,D,,"If no salt added during smoking process, sodium = 51 mg/100 g edible portion."
35194,1,N,309,Dried on galvanized wire.
35195,1,N,417,Includes only 5-methyltetrahydrofolate.
35196,1,N,417,Includes only 5-methyltetrahydrofolate.
35200,1,N,417,Includes only 5-methyltetrahydrofolate.
35202,1,N,417,Includes only 5-methyltetrahydrofolate.
35203,1,N,417,Includes only 5-methyltetrahydrofolate.
35204,1,N,417,Includes only 5-methyltetrahydrofolate.
35205,1,N,417,Includes only 5-methyl tetrahydrofolate (THF).
35206,1,N,417,Includes only 5-methyltetrahydrofolate.
35230,1,D,,"Based on limited sampling. Nutrient values, particularly fat and protein, vary widely with variations in proportion of meat to fat."
35231,1,D,,"Nutrient values vary, depending on proportion of fat to meat."
35231,2,N,207,"If salted fat, ash could be higher and fat lower on a 100-gram basis."
35232,1,N,432,"Food folate is the sum of 5-Methyl Tetrahydrofolate, 10-Formyl Folic Acid, 5-Formyl Tetrahydrofolic Acid and Tetrahydrofolic Acid"
35232,1,N,417,"Food folate is the sum of 5-Methyl Tetrahydrofolate, 10-Formyl Folic Acid, 5-Formyl Tetrahydrofolic Acid and Tetrahydrofolic Acid"
35234,1,M,,Weight of serving (piece) based on limited samples and may vary widely.
35234,2,N,306,Elevated levels from Juniper or saltbush ash
35234,2,N,305,Elevated levels from Juniper or saltbush ash
35234,2,N,304,Elevated levels from Juniper or saltbush ash
35234,2,N,301,Elevated levels from Juniper or saltbush ash
35234,2,N,307,Elevated levels from Juniper or saltbush ash
35234,2,N,303,Elevated levels from Juniper or saltbush ash
35235,1,N,417,"Food folate is the sum of 5-Methyl Tetrahydrofolate, 10-Formyl Folic Acid, 5-Formyl Tetrahydrofolic Acid and Tetrahydrofolic Acid"
35235,1,N,432,"Food folate is the sum of 5-Methyl Tetrahydrofolate, 10-Formyl Folic Acid, 5-Formyl Tetrahydrofolic Acid and Tetrahydrofolic Acid"
36603,1,D,,Rice was not included in analyses.
36603,2,D,,"Ingredients and amount of sauce vary by restaurant.  Most dishes analyzed had broccoli and carrots.  Some also included onion, mushroom, bell pepper, baby corn, bamboo shoots and/or snow peas."
36617,1,D,,Rice was not included in analyses.
36617,2,D,,"Ingredients and amount of breading and sauce vary by restaurant.  Most dishes analyzed only had breaded chicken and sauce.  A few had broccoli, celery and/or hot red pepper."
36618,1,D,,Rice was not included in analyses.
36618,2,D,,Ingredients and amount of breading and sauce vary by restaurant.  Most dishes analyzed only had breaded chicken and sauce.  A few had broccoli and/or red pepper.
36619,1,D,,Rice was not included in analyses.
36619,2,D,,"Ingredients and amount of breading and sauce vary by restaurant.  Most dishes analyzed had carrots.  Some had broccoli, red or green pepper, mushrooms, onion, and/or celery."
36620,1,D,,Rice was not included in analyses.
36620,2,D,,Ingredients and amount of sauce vary by restaurant. Most dishes analyzed included carrots and broccoli.
36621,1,D,,Rice was not included in analyses.
36621,2,D,,Ingredients and amount of breading and sauce vary by restaurant.
36622,1,D,,Rice was not included in analyses.
36622,2,D,,Ingredients and amount of breading and sauce vary by restaurant.
36623,1,D,,Rice was not included in analyses.
36623,2,D,,"Ingredients and amount of sauce vary by restaurant.  May include onions, cabbage, carrots and/or broccoli."
36624,1,D,,Rice was not included in the analyses.
36624,2,D,,"Ingredients and amount of sauce vary by restaurant. May include celery, onion, carrots, broccoli, snow peas, mushroom, baby corn, bamboo shoots and/or other vegetables."
36625,1,D,,Type and proportion of ingredients vary by restaurant.
36626,1,D,,Rice was not included in analyses.
36626,2,D,,"Ingredients and amount of sauce vary by restaurant. Most dishes analyzed had broccoli and carrots. Some also included snow peas, scallion, water chestnuts, and/or baby corn."
36629,1,D,,Rice and broccoli were not included in analyses.
42289,1,D,,Other phytosterols and phytostanols identified include: beta-sitostanol (4.599 ) and delta-5 avenasterol (15.76)
43483,1,D,,Made from proso millet
90240,1,N,307,Samples were obtained from 12 retail stores using a probability-based sampling plan.  Some fish had been treated during processing to retain moisture on thawing.  Untreated fish = 265 mg sodium/100g.
12563,1,D,,Other phytosterols = 34.67 mg/100g
12063,1,D,,Other phytosterols = 34.67 mg/100g
15019,1,N,307,Samples were obtained from 12 retail stores using a probability-based sampling plan.  Some fish had been treated during processing to retain moisture on thawing.  Untreated fish = 109 mg sodium/100g.
15057,1,N,307,Samples were obtained from 12 retail stores using a probability-based sampling plan.  Some fish had been treated during processing to retain moisture on thawing.  Untreated fish = 75 mg sodium/100g.